{"cameraMode":{"drawMode":0,"name":"Shaded","section":"Shading Mode"},"sceneLighting":true,"audioPlay":false,"sceneViewState":{"m_AlwaysRefresh":false,"showFog":true,"showSkybox":true,"showFlares":true,"showImageEffects":true,"showParticleSystems":true,"showVisualEffectGraphs":true,"m_FxEnabled":true},"in2DMode":false,"pivot":{"x":-0.7751397490501404,"y":0.9036224484443665,"z":0.7597282528877258},"rotation":{"x":-0.2313157320022583,"y":0.27758750319480898,"z":-0.0690520703792572,"w":-0.9298807978630066},"size":0.8660253882408142,"orthographic":false}