{"cameraMode":{"drawMode":0,"name":"Shaded","section":"Shading Mode"},"sceneLighting":true,"audioPlay":false,"sceneViewState":{"m_AlwaysRefresh":false,"showFog":true,"showSkybox":true,"showFlares":true,"showImageEffects":true,"showParticleSystems":true,"showVisualEffectGraphs":true,"m_FxEnabled":true},"in2DMode":false,"pivot":{"x":1.1401541233062745,"y":1.337204098701477,"z":0.5811631083488464},"rotation":{"x":-0.1827775239944458,"y":-0.0008869644952937961,"z":0.00016470099217258394,"w":-0.9831595420837402},"size":1.1528725624084473,"orthographic":false}